"filename", "language", "C++", "Markdown", "comment", "blank", "total"
"/home/acer/projects/c++/mymuduo/Acceptor.cc", "C++", 56, 0, 5, 5, 66
"/home/acer/projects/c++/mymuduo/Acceptor.h", "C++", 24, 0, 0, 13, 37
"/home/acer/projects/c++/mymuduo/Buffer.cc", "C++", 39, 0, 28, 13, 80
"/home/acer/projects/c++/mymuduo/Buffer.h", "C++", 83, 0, 44, 24, 151
"/home/acer/projects/c++/mymuduo/Callbacks.h", "C++", 12, 0, 1, 3, 16
"/home/acer/projects/c++/mymuduo/Channel.cc", "C++", 74, 0, 24, 12, 110
"/home/acer/projects/c++/mymuduo/Channel.h", "C++", 52, 0, 18, 26, 96
"/home/acer/projects/c++/mymuduo/CurrentThread.cc", "C++", 12, 0, 1, 1, 14
"/home/acer/projects/c++/mymuduo/CurrentThread.h", "C++", 16, 0, 0, 5, 21
"/home/acer/projects/c++/mymuduo/DefaultPoller.cc", "C++", 13, 0, 0, 2, 15
"/home/acer/projects/c++/mymuduo/EPollPoller.cc", "C++", 123, 0, 29, 18, 170
"/home/acer/projects/c++/mymuduo/EPollPoller.h", "C++", 22, 0, 46, 16, 84
"/home/acer/projects/c++/mymuduo/EventLoop.cc", "C++", 163, 0, 66, 15, 244
"/home/acer/projects/c++/mymuduo/EventLoop.h", "C++", 43, 0, 2, 22, 67
"/home/acer/projects/c++/mymuduo/EventLoopThread.cc", "C++", 50, 0, 1, 8, 59
"/home/acer/projects/c++/mymuduo/EventLoopThread.h", "C++", 24, 0, 1, 11, 36
"/home/acer/projects/c++/mymuduo/EventLoopThreadPool.cc", "C++", 55, 0, 2, 7, 64
"/home/acer/projects/c++/mymuduo/EventLoopThreadPool.h", "C++", 29, 0, 4, 15, 48
"/home/acer/projects/c++/mymuduo/InetAddress.cc", "C++", 29, 0, 6, 7, 42
"/home/acer/projects/c++/mymuduo/InetAddress.h", "C++", 17, 0, 1, 7, 25
"/home/acer/projects/c++/mymuduo/Logger.cc", "C++", 33, 0, 4, 7, 44
"/home/acer/projects/c++/mymuduo/Logger.h", "C++", 60, 0, 8, 15, 83
"/home/acer/projects/c++/mymuduo/Poller.cc", "C++", 11, 0, 0, 3, 14
"/home/acer/projects/c++/mymuduo/Poller.h", "C++", 24, 0, 6, 7, 37
"/home/acer/projects/c++/mymuduo/README.md", "Markdown", 0, 14, 0, 10, 24
"/home/acer/projects/c++/mymuduo/Socket.cc", "C++", 66, 0, 8, 12, 86
"/home/acer/projects/c++/mymuduo/Socket.h", "C++", 20, 0, 1, 10, 31
"/home/acer/projects/c++/mymuduo/TcpConnection.cc", "C++", 218, 0, 43, 19, 280
"/home/acer/projects/c++/mymuduo/TcpConnection.h", "C++", 71, 0, 28, 21, 120
"/home/acer/projects/c++/mymuduo/TcpServer.cc", "C++", 87, 0, 26, 19, 132
"/home/acer/projects/c++/mymuduo/TcpServer.h", "C++", 49, 0, 3, 18, 70
"/home/acer/projects/c++/mymuduo/Thread.cc", "C++", 47, 0, 3, 8, 58
"/home/acer/projects/c++/mymuduo/Thread.h", "C++", 30, 0, 0, 13, 43
"/home/acer/projects/c++/mymuduo/Timestamp.cc", "C++", 30, 0, 0, 6, 36
"/home/acer/projects/c++/mymuduo/Timestamp.h", "C++", 13, 0, 0, 5, 18
"/home/acer/projects/c++/mymuduo/noncopyable.h", "C++", 11, 0, 2, 6, 19
"Total", "-", 1706, 14, 411, 409, 2540